{
  "name": "Golden Phoenix - Chat Templates",
  "workflows": [
    {
      "name": "1. Notificación Email - Nuevo Mensaje",
      "description": "Envía email cuando llega un mensaje nuevo al chat",
      "nodes": [
        {
          "parameters": {
            "httpMethod": "POST",
            "path": "golden-phoenix-chat",
            "responseMode": "responseNode",
            "options": {}
          },
          "name": "Webhook",
          "type": "n8n-nodes-base.webhook",
          "position": [250, 300],
          "webhookId": "generate-on-import"
        },
        {
          "parameters": {
            "conditions": {
              "string": [
                {
                  "value1": "={{$json[\"event\"]}}",
                  "value2": "new_message"
                }
              ]
            }
          },
          "name": "Solo Mensajes Nuevos",
          "type": "n8n-nodes-base.if",
          "position": [450, 300]
        },
        {
          "parameters": {
            "fromEmail": "noreply@goldenphoenix.com",
            "toEmail": "ventas@goldenphoenix.com",
            "subject": "=💬 Nuevo mensaje de {{$json[\"user_name\"]}}",
            "text": "=Cliente: {{$json[\"user_name\"]}}\nEmail: {{$json[\"user_email\"]}}\nTeléfono: {{$json[\"user_phone\"]}}\n\nMensaje:\n{{$json[\"message\"]}}\n\n---\nResponder en: {{$json[\"admin_url\"]}}"
          },
          "name": "Enviar Email",
          "type": "n8n-nodes-base.emailSend",
          "position": [650, 200]
        },
        {
          "parameters": {
            "respondWith": "json",
            "responseBody": "={\"status\": \"success\", \"message\": \"Email enviado\"}"
          },
          "name": "Respond",
          "type": "n8n-nodes-base.respondToWebhook",
          "position": [850, 300]
        }
      ],
      "connections": {
        "Webhook": {
          "main": [[{"node": "Solo Mensajes Nuevos", "type": "main", "index": 0}]]
        },
        "Solo Mensajes Nuevos": {
          "main": [
            [{"node": "Enviar Email", "type": "main", "index": 0}],
            [{"node": "Respond", "type": "main", "index": 0}]
          ]
        },
        "Enviar Email": {
          "main": [[{"node": "Respond", "type": "main", "index": 0}]]
        }
      }
    },
    {
      "name": "2. Notificación Slack - Transfer Humano",
      "description": "Notifica en Slack cuando bot transfiere a humano",
      "nodes": [
        {
          "parameters": {
            "httpMethod": "POST",
            "path": "golden-phoenix-chat"
          },
          "name": "Webhook",
          "type": "n8n-nodes-base.webhook",
          "position": [250, 300]
        },
        {
          "parameters": {
            "conditions": {
              "string": [
                {
                  "value1": "={{$json[\"event\"]}}",
                  "value2": "transfer_to_human"
                }
              ]
            }
          },
          "name": "Solo Transferencias",
          "type": "n8n-nodes-base.if",
          "position": [450, 300]
        },
        {
          "parameters": {
            "channel": "#ventas",
            "text": "=🔔 *Cliente necesita asesor humano*\n\n👤 Cliente: {{$json[\"user_name\"]}}\n📧 Email: {{$json[\"user_email\"]}}\n📞 Teléfono: {{$json[\"user_phone\"]}}\n\n<{{$json[\"admin_url\"]}}|Abrir Panel de Chat>"
          },
          "name": "Slack",
          "type": "n8n-nodes-base.slack",
          "position": [650, 200]
        }
      ]
    },
    {
      "name": "3. Guardar en Google Sheets",
      "description": "Guarda todas las conversaciones en Google Sheets",
      "nodes": [
        {
          "parameters": {
            "httpMethod": "POST",
            "path": "golden-phoenix-chat"
          },
          "name": "Webhook",
          "type": "n8n-nodes-base.webhook",
          "position": [250, 300]
        },
        {
          "parameters": {
            "conditions": {
              "string": [
                {
                  "value1": "={{$json[\"event\"]}}",
                  "value2": "conversation_closed"
                }
              ]
            }
          },
          "name": "Solo Cerradas",
          "type": "n8n-nodes-base.if",
          "position": [450, 300]
        },
        {
          "parameters": {
            "operation": "append",
            "sheetId": "TU_SHEET_ID_AQUI",
            "range": "A:G",
            "options": {
              "valueInputMode": "USER_ENTERED"
            }
          },
          "name": "Google Sheets",
          "type": "n8n-nodes-base.googleSheets",
          "position": [650, 200],
          "credentials": {
            "googleSheetsOAuth2Api": "Google Sheets Account"
          }
        }
      ]
    },
    {
      "name": "4. WhatsApp Business - Notificación",
      "description": "Envía mensaje de WhatsApp cuando llega conversación nueva",
      "nodes": [
        {
          "parameters": {
            "httpMethod": "POST",
            "path": "golden-phoenix-chat"
          },
          "name": "Webhook",
          "type": "n8n-nodes-base.webhook",
          "position": [250, 300]
        },
        {
          "parameters": {
            "phoneNumber": "+573001234567",
            "message": "=🔔 *Golden Phoenix Chat*\n\nNuevo mensaje de: {{$json[\"user_name\"]}}\n\n\"{{$json[\"message\"]}}\"\n\nResponder en panel de admin."
          },
          "name": "WhatsApp",
          "type": "n8n-nodes-base.whatsapp",
          "position": [450, 300]
        }
      ]
    },
    {
      "name": "5. Zendesk - Crear Ticket",
      "description": "Crea ticket en Zendesk cuando bot no puede ayudar",
      "nodes": [
        {
          "parameters": {
            "httpMethod": "POST",
            "path": "golden-phoenix-chat"
          },
          "name": "Webhook",
          "type": "n8n-nodes-base.webhook",
          "position": [250, 300]
        },
        {
          "parameters": {
            "resource": "ticket",
            "operation": "create",
            "subject": "=Chat: {{$json[\"user_name\"]}}",
            "description": "=Cliente: {{$json[\"user_name\"]}}\nEmail: {{$json[\"user_email\"]}}\n\nMensaje:\n{{$json[\"message\"]}}",
            "priority": "high"
          },
          "name": "Zendesk",
          "type": "n8n-nodes-base.zendesk",
          "position": [450, 300]
        }
      ]
    },
    {
      "name": "6. Multi-Canal - Completo",
      "description": "Workflow completo: Email + Slack + Google Sheets",
      "nodes": [
        {
          "parameters": {
            "httpMethod": "POST",
            "path": "golden-phoenix-chat"
          },
          "name": "Webhook",
          "type": "n8n-nodes-base.webhook",
          "position": [250, 300]
        },
        {
          "parameters": {
            "mode": "rules",
            "rules": {
              "values": [
                {
                  "conditions": {
                    "string": [{"value1": "={{$json[\"event\"]}}", "value2": "new_message"}]
                  },
                  "output": 0
                },
                {
                  "conditions": {
                    "string": [{"value1": "={{$json[\"event\"]}}", "value2": "transfer_to_human"}]
                  },
                  "output": 1
                },
                {
                  "conditions": {
                    "string": [{"value1": "={{$json[\"event\"]}}", "value2": "conversation_closed"}]
                  },
                  "output": 2
                }
              ]
            }
          },
          "name": "Switch",
          "type": "n8n-nodes-base.switch",
          "position": [450, 300]
        },
        {
          "parameters": {
            "fromEmail": "chat@goldenphoenix.com",
            "toEmail": "ventas@goldenphoenix.com",
            "subject": "=Nuevo mensaje: {{$json[\"user_name\"]}}"
          },
          "name": "Email - Nuevo Mensaje",
          "type": "n8n-nodes-base.emailSend",
          "position": [650, 100]
        },
        {
          "parameters": {
            "channel": "#ventas",
            "text": "=🆘 Transferencia a humano"
          },
          "name": "Slack - Transferencia",
          "type": "n8n-nodes-base.slack",
          "position": [650, 300]
        },
        {
          "parameters": {
            "operation": "append",
            "sheetId": "YOUR_SHEET_ID"
          },
          "name": "Sheets - Conversación Cerrada",
          "type": "n8n-nodes-base.googleSheets",
          "position": [650, 500]
        }
      ],
      "connections": {
        "Webhook": {
          "main": [[{"node": "Switch", "type": "main", "index": 0}]]
        },
        "Switch": {
          "main": [
            [{"node": "Email - Nuevo Mensaje", "type": "main", "index": 0}],
            [{"node": "Slack - Transferencia", "type": "main", "index": 0}],
            [{"node": "Sheets - Conversación Cerrada", "type": "main", "index": 0}]
          ]
        }
      }
    }
  ]
}
